{
  "cognito": {
    "poolId": "eu-west-1:a4c2e391-d564-4415-9bda-359e6039109f",
    "appUserPoolClientId": "4hlvka92n11pqb2u9lp0itrrmd",
    "appUserPoolName": "eu-west-1_peNWn4IUp",
    "appDomainName": "cloudhrbotuserpoolsdkidentity.auth.eu-west-1.amazoncognito.com",
    "appUserPoolIdentityProvider": ""
  },
  "lex": {
    "botName": "CloudHR",
    "botAlias": "$LATEST",
    "initialText": "Just type \"Hi Cloud HR\" or click on the mic and say it.",
    "initialSpeechInstruction": "Say 'Hi Cloud HR' to get started.",
    "reInitSessionAttributesOnRestart": false
  },
  "ui": {
    "parentOrigin": "https://cloudhldev.azurewebsites.net",
    "toolbarTitle": "Cloud HR",
    "toolbarLogo": "",
    "positiveFeedbackIntent": "Thumbs up",
    "negativeFeedbackIntent": "Thumbs down",
    "helpIntent": "Help",
    "enableLogin": false,
    "AllowSuperDangerousHTMLInMessage": true,
    "shouldDisplayResponseCardTitle": true,
    "pushInitialTextOnRestart": false,
    "directFocusToBotInput": false,
    "showDialogStateIcon": false
  },
  "polly": {
    "voiceId": "Salli"
  },
  "recorder": {
    "preset": "speech_recognition"
  },
  "iframe": {
    "iframeOrigin": "https://cloudhrbotmosaic.s3-eu-west-1.amazonaws.com",
    "shouldLoadIframeMinimized": false,
    "iframeSrcPath": "/index.html#/?lexWebUiEmbed=true"
  }
}